[
  {
    "id": "ba150b80-493c-4ce6-9fb0-1ba0a0076b2b",
    "data": [
      {
        "text": "ఇక్కడికి స్వాగతం",
        "userDefined": false
      }
    ],
    "isTemplate": false,
    "count": 0,
    "lang": "te",
    "updated": 0
  },
  {
    "id": "53d7d7c9-6d97-4f63-b68d-82d8f6ba7dd7",
    "data": [
      {
        "text": "స్వాగతం",
        "userDefined": false
      }
    ],
    "isTemplate": false,
    "count": 0,
    "lang": "te",
    "updated": 0
  },
  {
    "id": "b9d301e6-ee4c-4de9-8141-eb3c34118da8",
    "data": [
      {
        "text": "మీరు ఆహ్వానితులు",
        "userDefined": false
      }
    ],
    "isTemplate": false,
    "count": 0,
    "lang": "te",
    "updated": 0
  },
  {
    "id": "3110ea68-0377-43ca-bd7e-3009234d65c2",
    "data": [
      {
        "text": "అది మా అదృష్టం",
        "userDefined": false
      }
    ],
    "isTemplate": false,
    "count": 0,
    "lang": "te",
    "updated": 0
  },
  {
    "id": "4ee55856-a377-44ad-bfe7-24f9e8a083cf",
    "data": [
      {
        "text": "తప్పకుండా రండి",
        "userDefined": false
      }
    ],
    "isTemplate": false,
    "count": 0,
    "lang": "te",
    "updated": 0
  },
  {
    "id": "a5b233f8-3426-4136-bf9d-b80d255a31a5",
    "data": [
      {
        "text": "నాకు సంతోషంగా ఉంది",
        "userDefined": false
      }
    ],
    "isTemplate": false,
    "count": 0,
    "lang": "te",
    "updated": 0
  },
  {
    "id": "40a38e1a-1e85-4c95-9964-91c1872140d8",
    "data": [
      {
        "text": "మీకు స్వాగతం",
        "userDefined": false
      }
    ],
    "isTemplate": false,
    "count": 0,
    "lang": "te",
    "updated": 0
  }
]