[
  {
    "id": "24b236c1-5219-4d97-811a-dea9eed53a12",
    "data": [
      {
        "text": "Myself ",
        "userDefined": false
      },
      {
        "text": "Nidhi Jain",
        "meta": "@sys.person",
        "alias": "person",
        "userDefined": true
      },
      {
        "text": ".",
        "userDefined": false
      }
    ],
    "isTemplate": false,
    "count": 0,
    "lang": "en",
    "updated": 0
  },
  {
    "id": "a59d39c9-0fa4-4718-a7cb-fcd75b3dbaf2",
    "data": [
      {
        "text": "Hey it is ",
        "userDefined": false
      },
      {
        "text": "Nidhi Jain",
        "meta": "@sys.person",
        "alias": "person",
        "userDefined": true
      },
      {
        "text": ".",
        "userDefined": false
      }
    ],
    "isTemplate": false,
    "count": 0,
    "lang": "en",
    "updated": 0
  },
  {
    "id": "43773d05-6fbc-48cc-adfe-4ca07f65fe8c",
    "data": [
      {
        "text": "It is me, ",
        "userDefined": false
      },
      {
        "text": "Nidhi  Jain",
        "meta": "@sys.person",
        "alias": "person",
        "userDefined": true
      },
      {
        "text": " here",
        "userDefined": false
      }
    ],
    "isTemplate": false,
    "count": 0,
    "lang": "en",
    "updated": 0
  }
]