[
  {
    "id": "aa651b84-eef0-428c-b98e-a5c65e4e2d22",
    "data": [
      {
        "text": "Review on visiting ",
        "userDefined": false
      },
      {
        "text": "surat",
        "userDefined": false
      }
    ],
    "isTemplate": false,
    "count": 0,
    "lang": "en",
    "updated": 0
  },
  {
    "id": "a45321d2-f03a-453b-b4b9-dfdda489eee2",
    "data": [
      {
        "text": "Plz tell something about  ",
        "userDefined": false
      },
      {
        "text": "surat.",
        "userDefined": false
      }
    ],
    "isTemplate": false,
    "count": 0,
    "lang": "en",
    "updated": 0
  },
  {
    "id": "ad5e6a2d-5892-4f8f-b510-de0f018cb41c",
    "data": [
      {
        "text": "Some  attraction places in ",
        "userDefined": false
      },
      {
        "text": "surat",
        "userDefined": false
      },
      {
        "text": "?",
        "userDefined": false
      }
    ],
    "isTemplate": false,
    "count": 0,
    "lang": "en",
    "updated": 0
  },
  {
    "id": "4c200eae-1670-43da-b564-1bc5a360b4f4",
    "data": [
      {
        "text": "Some tourist places in ",
        "userDefined": false
      },
      {
        "text": "surat",
        "userDefined": false
      },
      {
        "text": "?",
        "userDefined": false
      }
    ],
    "isTemplate": false,
    "count": 0,
    "lang": "en",
    "updated": 0
  },
  {
    "id": "ba132d02-2671-4466-92ea-98757b38dd71",
    "data": [
      {
        "text": "I would like to know some places to visit in ",
        "userDefined": false
      },
      {
        "text": "surat",
        "userDefined": false
      },
      {
        "text": "?",
        "userDefined": false
      }
    ],
    "isTemplate": false,
    "count": 0,
    "lang": "en",
    "updated": 0
  }
]