[
  {
    "id": "eec8c44d-16c7-4a97-8d23-97e8523f2991",
    "data": [
      {
        "text": "amazing\u0027",
        "userDefined": false
      }
    ],
    "isTemplate": false,
    "count": 0,
    "lang": "en",
    "updated": 0
  },
  {
    "id": "af906fc4-aba8-44c2-b1c6-3d944972f665",
    "data": [
      {
        "text": "i will see it",
        "userDefined": false
      }
    ],
    "isTemplate": false,
    "count": 0,
    "lang": "en",
    "updated": 0
  },
  {
    "id": "375fff12-e221-493a-8c36-8a4ca30441b7",
    "data": [
      {
        "text": "great",
        "userDefined": false
      }
    ],
    "isTemplate": false,
    "count": 0,
    "lang": "en",
    "updated": 0
  },
  {
    "id": "3b7cfea0-5ba1-47a6-b7b3-5ff38e9f378d",
    "data": [
      {
        "text": "ok",
        "userDefined": false
      }
    ],
    "isTemplate": false,
    "count": 0,
    "lang": "en",
    "updated": 0
  }
]